{
  "index_settings": {
    "docstore_compression": "lz4",
    "docstore_blocksize": 16384
  },
  "segments": [
    {
      "segment_id": "2149e9ce-bf9d-4f42-90bd-efd928e2e5b8",
      "max_doc": 320,
      "deletes": null
    },
    {
      "segment_id": "b3e48bb3-ee8e-4cac-8200-979f98b1db5e",
      "max_doc": 83,
      "deletes": null
    },
    {
      "segment_id": "4430f1fb-5b99-4386-884d-0c3091bcbe96",
      "max_doc": 1,
      "deletes": null
    },
    {
      "segment_id": "ac305c5d-95d8-4781-8c72-93d9456a40e5",
      "max_doc": 1,
      "deletes": null
    },
    {
      "segment_id": "a53d2013-00cb-49c0-9024-5d6235380b4a",
      "max_doc": 1,
      "deletes": null
    },
    {
      "segment_id": "0c204461-61f8-441f-87ce-6e892595ea09",
      "max_doc": 1,
      "deletes": null
    },
    {
      "segment_id": "5f677416-1884-4f3a-8118-4e22371897da",
      "max_doc": 1,
      "deletes": null
    },
    {
      "segment_id": "d26ceb8e-048b-4bcf-bb0b-24c8acee20d2",
      "max_doc": 1,
      "deletes": null
    }
  ],
  "schema": [
    {
      "name": "doc_id",
      "type": "i64",
      "options": {
        "indexed": false,
        "fieldnorms": false,
        "fast": false,
        "stored": true
      }
    },
    {
      "name": "text",
      "type": "text",
      "options": {
        "indexing": {
          "record": "position",
          "fieldnorms": true,
          "tokenizer": "default"
        },
        "stored": true,
        "fast": false
      }
    }
  ],
  "opstamp": 417
}
