{
  "index_settings": {
    "docstore_compression": "lz4",
    "docstore_blocksize": 16384
  },
  "segments": [
    {
      "segment_id": "a339bff9-06f6-4527-a16f-c857e5618819",
      "max_doc": 734,
      "deletes": null
    },
    {
      "segment_id": "e1343e24-acd0-4e23-afe9-dac4428ce05d",
      "max_doc": 210,
      "deletes": null
    },
    {
      "segment_id": "3ce29007-994a-41f0-8a62-cdd20877c292",
      "max_doc": 1,
      "deletes": null
    },
    {
      "segment_id": "d6522b60-da9c-4b03-aa4d-4aa8e4263da1",
      "max_doc": 1,
      "deletes": null
    },
    {
      "segment_id": "6f7b1bfa-e477-4d33-99bf-5266c507a963",
      "max_doc": 1,
      "deletes": null
    },
    {
      "segment_id": "5244e65d-6605-4fb0-8ffd-a6e81a9231e3",
      "max_doc": 1,
      "deletes": null
    },
    {
      "segment_id": "5a910b47-cec1-44e8-9448-e12e4981dd76",
      "max_doc": 1,
      "deletes": null
    },
    {
      "segment_id": "ce36751a-708e-4f2c-ab96-7fb88f0d283d",
      "max_doc": 1,
      "deletes": null
    }
  ],
  "schema": [
    {
      "name": "doc_id",
      "type": "i64",
      "options": {
        "indexed": false,
        "fieldnorms": false,
        "fast": false,
        "stored": true
      }
    },
    {
      "name": "pregunta",
      "type": "text",
      "options": {
        "indexing": {
          "record": "position",
          "fieldnorms": true,
          "tokenizer": "default"
        },
        "stored": true,
        "fast": false
      }
    }
  ],
  "opstamp": 958
}
