{
  "index_settings": {
    "docstore_compression": "lz4",
    "docstore_blocksize": 16384
  },
  "segments": [],
  "schema": [
    {
      "name": "doc_id",
      "type": "i64",
      "options": {
        "indexed": false,
        "fieldnorms": false,
        "fast": false,
        "stored": true
      }
    },
    {
      "name": "payload",
      "type": "text",
      "options": {
        "indexing": {
          "record": "position",
          "fieldnorms": true,
          "tokenizer": "default"
        },
        "stored": true,
        "fast": false
      }
    }
  ],
  "opstamp": 0
}
